Series Name,Series Code,Country Name,Country Code,2016 [YR2016]
"Total alcohol consumption per capita (liters of pure alcohol, projected estimates, 15+ years of age)",SH.ALC.PCAP.LI,Afghanistan,AFG,0.2
"Total alcohol consumption per capita (liters of pure alcohol, projected estimates, 15+ years of age)",SH.ALC.PCAP.LI,Albania,ALB,7.5
"Total alcohol consumption per capita (liters of pure alcohol, projected estimates, 15+ years of age)",SH.ALC.PCAP.LI,Algeria,DZA,0.9
"Total alcohol consumption per capita (liters of pure alcohol, projected estimates, 15+ years of age)",SH.ALC.PCAP.LI,American Samoa,ASM,..
"Total alcohol consumption per capita (liters of pure alcohol, projected estimates, 15+ years of age)",SH.ALC.PCAP.LI,Andorra,AND,11.3
"Total alcohol consumption per capita (liters of pure alcohol, projected estimates, 15+ years of age)",SH.ALC.PCAP.LI,Angola,AGO,6.4
"Total alcohol consumption per capita (liters of pure alcohol, projected estimates, 15+ years of age)",SH.ALC.PCAP.LI,Antigua and Barbuda,ATG,7
"Total alcohol consumption per capita (liters of pure alcohol, projected estimates, 15+ years of age)",SH.ALC.PCAP.LI,Arab World,ARB,0.617288895830425
"Total alcohol consumption per capita (liters of pure alcohol, projected estimates, 15+ years of age)",SH.ALC.PCAP.LI,Argentina,ARG,9.8
"Total alcohol consumption per capita (liters of pure alcohol, projected estimates, 15+ years of age)",SH.ALC.PCAP.LI,Armenia,ARM,5.5
"Total alcohol consumption per capita (liters of pure alcohol, projected estimates, 15+ years of age)",SH.ALC.PCAP.LI,Aruba,ABW,..
"Total alcohol consumption per capita (liters of pure alcohol, projected estimates, 15+ years of age)",SH.ALC.PCAP.LI,Australia,AUS,10.6
"Total alcohol consumption per capita (liters of pure alcohol, projected estimates, 15+ years of age)",SH.ALC.PCAP.LI,Austria,AUT,11.6
"Total alcohol consumption per capita (liters of pure alcohol, projected estimates, 15+ years of age)",SH.ALC.PCAP.LI,Azerbaijan,AZE,0.8
"Total alcohol consumption per capita (liters of pure alcohol, projected estimates, 15+ years of age)",SH.ALC.PCAP.LI,"Bahamas, The",BHS,4.4
"Total alcohol consumption per capita (liters of pure alcohol, projected estimates, 15+ years of age)",SH.ALC.PCAP.LI,Bahrain,BHR,1.9
"Total alcohol consumption per capita (liters of pure alcohol, projected estimates, 15+ years of age)",SH.ALC.PCAP.LI,Bangladesh,BGD,0
"Total alcohol consumption per capita (liters of pure alcohol, projected estimates, 15+ years of age)",SH.ALC.PCAP.LI,Barbados,BRB,9.6
"Total alcohol consumption per capita (liters of pure alcohol, projected estimates, 15+ years of age)",SH.ALC.PCAP.LI,Belarus,BLR,11.2
"Total alcohol consumption per capita (liters of pure alcohol, projected estimates, 15+ years of age)",SH.ALC.PCAP.LI,Belgium,BEL,12.1
"Total alcohol consumption per capita (liters of pure alcohol, projected estimates, 15+ years of age)",SH.ALC.PCAP.LI,Belize,BLZ,6.8
"Total alcohol consumption per capita (liters of pure alcohol, projected estimates, 15+ years of age)",SH.ALC.PCAP.LI,Benin,BEN,3
"Total alcohol consumption per capita (liters of pure alcohol, projected estimates, 15+ years of age)",SH.ALC.PCAP.LI,Bermuda,BMU,..
"Total alcohol consumption per capita (liters of pure alcohol, projected estimates, 15+ years of age)",SH.ALC.PCAP.LI,Bhutan,BTN,0.6
"Total alcohol consumption per capita (liters of pure alcohol, projected estimates, 15+ years of age)",SH.ALC.PCAP.LI,Bolivia,BOL,4.8
"Total alcohol consumption per capita (liters of pure alcohol, projected estimates, 15+ years of age)",SH.ALC.PCAP.LI,Bosnia and Herzegovina,BIH,6.4
"Total alcohol consumption per capita (liters of pure alcohol, projected estimates, 15+ years of age)",SH.ALC.PCAP.LI,Botswana,BWA,8.4
"Total alcohol consumption per capita (liters of pure alcohol, projected estimates, 15+ years of age)",SH.ALC.PCAP.LI,Brazil,BRA,7.8
"Total alcohol consumption per capita (liters of pure alcohol, projected estimates, 15+ years of age)",SH.ALC.PCAP.LI,British Virgin Islands,VGB,..
"Total alcohol consumption per capita (liters of pure alcohol, projected estimates, 15+ years of age)",SH.ALC.PCAP.LI,Brunei Darussalam,BRN,0.4
"Total alcohol consumption per capita (liters of pure alcohol, projected estimates, 15+ years of age)",SH.ALC.PCAP.LI,Bulgaria,BGR,12.7
"Total alcohol consumption per capita (liters of pure alcohol, projected estimates, 15+ years of age)",SH.ALC.PCAP.LI,Burkina Faso,BFA,8.2
"Total alcohol consumption per capita (liters of pure alcohol, projected estimates, 15+ years of age)",SH.ALC.PCAP.LI,Burundi,BDI,7.5
"Total alcohol consumption per capita (liters of pure alcohol, projected estimates, 15+ years of age)",SH.ALC.PCAP.LI,Cabo Verde,CPV,5.7
"Total alcohol consumption per capita (liters of pure alcohol, projected estimates, 15+ years of age)",SH.ALC.PCAP.LI,Cambodia,KHM,6.7
"Total alcohol consumption per capita (liters of pure alcohol, projected estimates, 15+ years of age)",SH.ALC.PCAP.LI,Cameroon,CMR,8.9
"Total alcohol consumption per capita (liters of pure alcohol, projected estimates, 15+ years of age)",SH.ALC.PCAP.LI,Canada,CAN,8.9
"Total alcohol consumption per capita (liters of pure alcohol, projected estimates, 15+ years of age)",SH.ALC.PCAP.LI,Caribbean small states,CSS,6.02722394448465
"Total alcohol consumption per capita (liters of pure alcohol, projected estimates, 15+ years of age)",SH.ALC.PCAP.LI,Cayman Islands,CYM,..
"Total alcohol consumption per capita (liters of pure alcohol, projected estimates, 15+ years of age)",SH.ALC.PCAP.LI,Central African Republic,CAF,3.3
"Total alcohol consumption per capita (liters of pure alcohol, projected estimates, 15+ years of age)",SH.ALC.PCAP.LI,Central Europe and the Baltics,CEB,12.1773029894738
"Total alcohol consumption per capita (liters of pure alcohol, projected estimates, 15+ years of age)",SH.ALC.PCAP.LI,Chad,TCD,1.6
"Total alcohol consumption per capita (liters of pure alcohol, projected estimates, 15+ years of age)",SH.ALC.PCAP.LI,Channel Islands,CHI,..
"Total alcohol consumption per capita (liters of pure alcohol, projected estimates, 15+ years of age)",SH.ALC.PCAP.LI,Chile,CHL,9.3
"Total alcohol consumption per capita (liters of pure alcohol, projected estimates, 15+ years of age)",SH.ALC.PCAP.LI,China,CHN,7.2
"Total alcohol consumption per capita (liters of pure alcohol, projected estimates, 15+ years of age)",SH.ALC.PCAP.LI,Colombia,COL,5.8
"Total alcohol consumption per capita (liters of pure alcohol, projected estimates, 15+ years of age)",SH.ALC.PCAP.LI,Comoros,COM,0.9
"Total alcohol consumption per capita (liters of pure alcohol, projected estimates, 15+ years of age)",SH.ALC.PCAP.LI,"Congo, Dem. Rep.",COD,2.6
"Total alcohol consumption per capita (liters of pure alcohol, projected estimates, 15+ years of age)",SH.ALC.PCAP.LI,"Congo, Rep.",COG,7.8
"Total alcohol consumption per capita (liters of pure alcohol, projected estimates, 15+ years of age)",SH.ALC.PCAP.LI,Costa Rica,CRI,4.8
"Total alcohol consumption per capita (liters of pure alcohol, projected estimates, 15+ years of age)",SH.ALC.PCAP.LI,Cote d'Ivoire,CIV,8.4
"Total alcohol consumption per capita (liters of pure alcohol, projected estimates, 15+ years of age)",SH.ALC.PCAP.LI,Croatia,HRV,8.9
"Total alcohol consumption per capita (liters of pure alcohol, projected estimates, 15+ years of age)",SH.ALC.PCAP.LI,Cuba,CUB,6.1
"Total alcohol consumption per capita (liters of pure alcohol, projected estimates, 15+ years of age)",SH.ALC.PCAP.LI,Curacao,CUW,..
"Total alcohol consumption per capita (liters of pure alcohol, projected estimates, 15+ years of age)",SH.ALC.PCAP.LI,Cyprus,CYP,10.8
"Total alcohol consumption per capita (liters of pure alcohol, projected estimates, 15+ years of age)",SH.ALC.PCAP.LI,Czech Republic,CZE,14.4
"Total alcohol consumption per capita (liters of pure alcohol, projected estimates, 15+ years of age)",SH.ALC.PCAP.LI,Denmark,DNK,10.4
"Total alcohol consumption per capita (liters of pure alcohol, projected estimates, 15+ years of age)",SH.ALC.PCAP.LI,Djibouti,DJI,0.5
"Total alcohol consumption per capita (liters of pure alcohol, projected estimates, 15+ years of age)",SH.ALC.PCAP.LI,Dominica,DMA,8.2
"Total alcohol consumption per capita (liters of pure alcohol, projected estimates, 15+ years of age)",SH.ALC.PCAP.LI,Dominican Republic,DOM,6.9
"Total alcohol consumption per capita (liters of pure alcohol, projected estimates, 15+ years of age)",SH.ALC.PCAP.LI,Early-demographic dividend,EAR,4.07342428990028
"Total alcohol consumption per capita (liters of pure alcohol, projected estimates, 15+ years of age)",SH.ALC.PCAP.LI,East Asia & Pacific,EAS,6.55081860545038
"Total alcohol consumption per capita (liters of pure alcohol, projected estimates, 15+ years of age)",SH.ALC.PCAP.LI,East Asia & Pacific (excluding high income),EAP,6.30947381148546
"Total alcohol consumption per capita (liters of pure alcohol, projected estimates, 15+ years of age)",SH.ALC.PCAP.LI,East Asia & Pacific (IDA & IBRD countries),TEA,6.33956350346432
"Total alcohol consumption per capita (liters of pure alcohol, projected estimates, 15+ years of age)",SH.ALC.PCAP.LI,Ecuador,ECU,4.4
"Total alcohol consumption per capita (liters of pure alcohol, projected estimates, 15+ years of age)",SH.ALC.PCAP.LI,"Egypt, Arab Rep.",EGY,0.4
"Total alcohol consumption per capita (liters of pure alcohol, projected estimates, 15+ years of age)",SH.ALC.PCAP.LI,El Salvador,SLV,3.8
"Total alcohol consumption per capita (liters of pure alcohol, projected estimates, 15+ years of age)",SH.ALC.PCAP.LI,Equatorial Guinea,GNQ,11.3
"Total alcohol consumption per capita (liters of pure alcohol, projected estimates, 15+ years of age)",SH.ALC.PCAP.LI,Eritrea,ERI,1.3
"Total alcohol consumption per capita (liters of pure alcohol, projected estimates, 15+ years of age)",SH.ALC.PCAP.LI,Estonia,EST,11.6
"Total alcohol consumption per capita (liters of pure alcohol, projected estimates, 15+ years of age)",SH.ALC.PCAP.LI,Eswatini,SWZ,9.9
"Total alcohol consumption per capita (liters of pure alcohol, projected estimates, 15+ years of age)",SH.ALC.PCAP.LI,Ethiopia,ETH,2.9
"Total alcohol consumption per capita (liters of pure alcohol, projected estimates, 15+ years of age)",SH.ALC.PCAP.LI,Euro area,EMU,11.1676611653188
"Total alcohol consumption per capita (liters of pure alcohol, projected estimates, 15+ years of age)",SH.ALC.PCAP.LI,Europe & Central Asia,ECS,9.8815638385573
"Total alcohol consumption per capita (liters of pure alcohol, projected estimates, 15+ years of age)",SH.ALC.PCAP.LI,Europe & Central Asia (excluding high income),ECA,8.15566392881992
"Total alcohol consumption per capita (liters of pure alcohol, projected estimates, 15+ years of age)",SH.ALC.PCAP.LI,Europe & Central Asia (IDA & IBRD countries),TEC,8.4706479844763
"Total alcohol consumption per capita (liters of pure alcohol, projected estimates, 15+ years of age)",SH.ALC.PCAP.LI,European Union,EUU,11.3293370855943
"Total alcohol consumption per capita (liters of pure alcohol, projected estimates, 15+ years of age)",SH.ALC.PCAP.LI,Faroe Islands,FRO,..
"Total alcohol consumption per capita (liters of pure alcohol, projected estimates, 15+ years of age)",SH.ALC.PCAP.LI,Fiji,FJI,3
"Total alcohol consumption per capita (liters of pure alcohol, projected estimates, 15+ years of age)",SH.ALC.PCAP.LI,Finland,FIN,10.7
"Total alcohol consumption per capita (liters of pure alcohol, projected estimates, 15+ years of age)",SH.ALC.PCAP.LI,Fragile and conflict affected situations,FCS,2.52211369948457
"Total alcohol consumption per capita (liters of pure alcohol, projected estimates, 15+ years of age)",SH.ALC.PCAP.LI,France,FRA,12.6
"Total alcohol consumption per capita (liters of pure alcohol, projected estimates, 15+ years of age)",SH.ALC.PCAP.LI,French Polynesia,PYF,..
"Total alcohol consumption per capita (liters of pure alcohol, projected estimates, 15+ years of age)",SH.ALC.PCAP.LI,Gabon,GAB,11.5
"Total alcohol consumption per capita (liters of pure alcohol, projected estimates, 15+ years of age)",SH.ALC.PCAP.LI,"Gambia, The",GMB,3.8
"Total alcohol consumption per capita (liters of pure alcohol, projected estimates, 15+ years of age)",SH.ALC.PCAP.LI,Georgia,GEO,9.8
"Total alcohol consumption per capita (liters of pure alcohol, projected estimates, 15+ years of age)",SH.ALC.PCAP.LI,Germany,DEU,13.4
"Total alcohol consumption per capita (liters of pure alcohol, projected estimates, 15+ years of age)",SH.ALC.PCAP.LI,Ghana,GHA,2.7
"Total alcohol consumption per capita (liters of pure alcohol, projected estimates, 15+ years of age)",SH.ALC.PCAP.LI,Gibraltar,GIB,..
"Total alcohol consumption per capita (liters of pure alcohol, projected estimates, 15+ years of age)",SH.ALC.PCAP.LI,Greece,GRC,10.4
"Total alcohol consumption per capita (liters of pure alcohol, projected estimates, 15+ years of age)",SH.ALC.PCAP.LI,Greenland,GRL,..
"Total alcohol consumption per capita (liters of pure alcohol, projected estimates, 15+ years of age)",SH.ALC.PCAP.LI,Grenada,GRD,9.3
"Total alcohol consumption per capita (liters of pure alcohol, projected estimates, 15+ years of age)",SH.ALC.PCAP.LI,Guam,GUM,..
"Total alcohol consumption per capita (liters of pure alcohol, projected estimates, 15+ years of age)",SH.ALC.PCAP.LI,Guatemala,GTM,2.5
"Total alcohol consumption per capita (liters of pure alcohol, projected estimates, 15+ years of age)",SH.ALC.PCAP.LI,Guinea,GIN,1.3
"Total alcohol consumption per capita (liters of pure alcohol, projected estimates, 15+ years of age)",SH.ALC.PCAP.LI,Guinea-Bissau,GNB,4.8
"Total alcohol consumption per capita (liters of pure alcohol, projected estimates, 15+ years of age)",SH.ALC.PCAP.LI,Guyana,GUY,6.3
"Total alcohol consumption per capita (liters of pure alcohol, projected estimates, 15+ years of age)",SH.ALC.PCAP.LI,Haiti,HTI,5.8
"Total alcohol consumption per capita (liters of pure alcohol, projected estimates, 15+ years of age)",SH.ALC.PCAP.LI,Heavily indebted poor countries (HIPC),HPC,4.01592268393495
"Total alcohol consumption per capita (liters of pure alcohol, projected estimates, 15+ years of age)",SH.ALC.PCAP.LI,High income,HIC,9.74489321665783
"Total alcohol consumption per capita (liters of pure alcohol, projected estimates, 15+ years of age)",SH.ALC.PCAP.LI,Honduras,HND,4
"Total alcohol consumption per capita (liters of pure alcohol, projected estimates, 15+ years of age)",SH.ALC.PCAP.LI,"Hong Kong SAR, China",HKG,..
"Total alcohol consumption per capita (liters of pure alcohol, projected estimates, 15+ years of age)",SH.ALC.PCAP.LI,Hungary,HUN,11.4
"Total alcohol consumption per capita (liters of pure alcohol, projected estimates, 15+ years of age)",SH.ALC.PCAP.LI,Iceland,ISL,9.1
"Total alcohol consumption per capita (liters of pure alcohol, projected estimates, 15+ years of age)",SH.ALC.PCAP.LI,India,IND,5.7
"Total alcohol consumption per capita (liters of pure alcohol, projected estimates, 15+ years of age)",SH.ALC.PCAP.LI,Indonesia,IDN,0.8
"Total alcohol consumption per capita (liters of pure alcohol, projected estimates, 15+ years of age)",SH.ALC.PCAP.LI,"Iran, Islamic Rep.",IRN,1
"Total alcohol consumption per capita (liters of pure alcohol, projected estimates, 15+ years of age)",SH.ALC.PCAP.LI,Iraq,IRQ,0.4
"Total alcohol consumption per capita (liters of pure alcohol, projected estimates, 15+ years of age)",SH.ALC.PCAP.LI,Ireland,IRL,13
"Total alcohol consumption per capita (liters of pure alcohol, projected estimates, 15+ years of age)",SH.ALC.PCAP.LI,Isle of Man,IMN,..
"Total alcohol consumption per capita (liters of pure alcohol, projected estimates, 15+ years of age)",SH.ALC.PCAP.LI,Israel,ISR,3.8
"Total alcohol consumption per capita (liters of pure alcohol, projected estimates, 15+ years of age)",SH.ALC.PCAP.LI,Italy,ITA,7.5
"Total alcohol consumption per capita (liters of pure alcohol, projected estimates, 15+ years of age)",SH.ALC.PCAP.LI,Jamaica,JAM,4.2
"Total alcohol consumption per capita (liters of pure alcohol, projected estimates, 15+ years of age)",SH.ALC.PCAP.LI,Japan,JPN,8
"Total alcohol consumption per capita (liters of pure alcohol, projected estimates, 15+ years of age)",SH.ALC.PCAP.LI,Jordan,JOR,0.7
"Total alcohol consumption per capita (liters of pure alcohol, projected estimates, 15+ years of age)",SH.ALC.PCAP.LI,Kazakhstan,KAZ,7.7
"Total alcohol consumption per capita (liters of pure alcohol, projected estimates, 15+ years of age)",SH.ALC.PCAP.LI,Kenya,KEN,3.4
"Total alcohol consumption per capita (liters of pure alcohol, projected estimates, 15+ years of age)",SH.ALC.PCAP.LI,Kiribati,KIR,0.4
"Total alcohol consumption per capita (liters of pure alcohol, projected estimates, 15+ years of age)",SH.ALC.PCAP.LI,"Korea, Dem. People’s Rep.",PRK,3.9
"Total alcohol consumption per capita (liters of pure alcohol, projected estimates, 15+ years of age)",SH.ALC.PCAP.LI,"Korea, Rep.",KOR,10.2
"Total alcohol consumption per capita (liters of pure alcohol, projected estimates, 15+ years of age)",SH.ALC.PCAP.LI,Kosovo,XKX,..
"Total alcohol consumption per capita (liters of pure alcohol, projected estimates, 15+ years of age)",SH.ALC.PCAP.LI,Kuwait,KWT,0
"Total alcohol consumption per capita (liters of pure alcohol, projected estimates, 15+ years of age)",SH.ALC.PCAP.LI,Kyrgyz Republic,KGZ,6.2
"Total alcohol consumption per capita (liters of pure alcohol, projected estimates, 15+ years of age)",SH.ALC.PCAP.LI,Lao PDR,LAO,10.4
"Total alcohol consumption per capita (liters of pure alcohol, projected estimates, 15+ years of age)",SH.ALC.PCAP.LI,Late-demographic dividend,LTE,7.45578715864414
"Total alcohol consumption per capita (liters of pure alcohol, projected estimates, 15+ years of age)",SH.ALC.PCAP.LI,Latin America & Caribbean,LCN,6.9249733868032
"Total alcohol consumption per capita (liters of pure alcohol, projected estimates, 15+ years of age)",SH.ALC.PCAP.LI,Latin America & Caribbean (excluding high income),LAC,6.81413637840051
"Total alcohol consumption per capita (liters of pure alcohol, projected estimates, 15+ years of age)",SH.ALC.PCAP.LI,Latin America & the Caribbean (IDA & IBRD countries),TLA,6.94227776525068
"Total alcohol consumption per capita (liters of pure alcohol, projected estimates, 15+ years of age)",SH.ALC.PCAP.LI,Latvia,LVA,12.9
"Total alcohol consumption per capita (liters of pure alcohol, projected estimates, 15+ years of age)",SH.ALC.PCAP.LI,Least developed countries: UN classification,LDC,3.03590895966198
"Total alcohol consumption per capita (liters of pure alcohol, projected estimates, 15+ years of age)",SH.ALC.PCAP.LI,Lebanon,LBN,1.5
"Total alcohol consumption per capita (liters of pure alcohol, projected estimates, 15+ years of age)",SH.ALC.PCAP.LI,Lesotho,LSO,5
"Total alcohol consumption per capita (liters of pure alcohol, projected estimates, 15+ years of age)",SH.ALC.PCAP.LI,Liberia,LBR,5.8
"Total alcohol consumption per capita (liters of pure alcohol, projected estimates, 15+ years of age)",SH.ALC.PCAP.LI,Libya,LBY,0
"Total alcohol consumption per capita (liters of pure alcohol, projected estimates, 15+ years of age)",SH.ALC.PCAP.LI,Liechtenstein,LIE,..
"Total alcohol consumption per capita (liters of pure alcohol, projected estimates, 15+ years of age)",SH.ALC.PCAP.LI,Lithuania,LTU,15
"Total alcohol consumption per capita (liters of pure alcohol, projected estimates, 15+ years of age)",SH.ALC.PCAP.LI,Low & middle income,LMY,5.6535374718985
"Total alcohol consumption per capita (liters of pure alcohol, projected estimates, 15+ years of age)",SH.ALC.PCAP.LI,Low income,LIC,3.58738847354537
"Total alcohol consumption per capita (liters of pure alcohol, projected estimates, 15+ years of age)",SH.ALC.PCAP.LI,Lower middle income,LMC,4.7538450845481
"Total alcohol consumption per capita (liters of pure alcohol, projected estimates, 15+ years of age)",SH.ALC.PCAP.LI,Luxembourg,LUX,13
"Total alcohol consumption per capita (liters of pure alcohol, projected estimates, 15+ years of age)",SH.ALC.PCAP.LI,"Macao SAR, China",MAC,..
"Total alcohol consumption per capita (liters of pure alcohol, projected estimates, 15+ years of age)",SH.ALC.PCAP.LI,Madagascar,MDG,1.9
"Total alcohol consumption per capita (liters of pure alcohol, projected estimates, 15+ years of age)",SH.ALC.PCAP.LI,Malawi,MWI,3.7
"Total alcohol consumption per capita (liters of pure alcohol, projected estimates, 15+ years of age)",SH.ALC.PCAP.LI,Malaysia,MYS,0.9
"Total alcohol consumption per capita (liters of pure alcohol, projected estimates, 15+ years of age)",SH.ALC.PCAP.LI,Maldives,MDV,2.7
"Total alcohol consumption per capita (liters of pure alcohol, projected estimates, 15+ years of age)",SH.ALC.PCAP.LI,Mali,MLI,1.3
"Total alcohol consumption per capita (liters of pure alcohol, projected estimates, 15+ years of age)",SH.ALC.PCAP.LI,Malta,MLT,8.1
"Total alcohol consumption per capita (liters of pure alcohol, projected estimates, 15+ years of age)",SH.ALC.PCAP.LI,Marshall Islands,MHL,..
"Total alcohol consumption per capita (liters of pure alcohol, projected estimates, 15+ years of age)",SH.ALC.PCAP.LI,Mauritania,MRT,0
"Total alcohol consumption per capita (liters of pure alcohol, projected estimates, 15+ years of age)",SH.ALC.PCAP.LI,Mauritius,MUS,3.6
"Total alcohol consumption per capita (liters of pure alcohol, projected estimates, 15+ years of age)",SH.ALC.PCAP.LI,Mexico,MEX,6.5
"Total alcohol consumption per capita (liters of pure alcohol, projected estimates, 15+ years of age)",SH.ALC.PCAP.LI,"Micronesia, Fed. Sts.",FSM,2.5
"Total alcohol consumption per capita (liters of pure alcohol, projected estimates, 15+ years of age)",SH.ALC.PCAP.LI,Middle East & North Africa,MEA,0.798023301980471
"Total alcohol consumption per capita (liters of pure alcohol, projected estimates, 15+ years of age)",SH.ALC.PCAP.LI,Middle East & North Africa (excluding high income),MNA,0.669370744751502
"Total alcohol consumption per capita (liters of pure alcohol, projected estimates, 15+ years of age)",SH.ALC.PCAP.LI,Middle East & North Africa (IDA & IBRD countries),TMN,0.669370744751502
"Total alcohol consumption per capita (liters of pure alcohol, projected estimates, 15+ years of age)",SH.ALC.PCAP.LI,Middle income,MIC,5.84476116772183
"Total alcohol consumption per capita (liters of pure alcohol, projected estimates, 15+ years of age)",SH.ALC.PCAP.LI,Moldova,MDA,15.2
"Total alcohol consumption per capita (liters of pure alcohol, projected estimates, 15+ years of age)",SH.ALC.PCAP.LI,Monaco,MCO,..
"Total alcohol consumption per capita (liters of pure alcohol, projected estimates, 15+ years of age)",SH.ALC.PCAP.LI,Mongolia,MNG,7.4
"Total alcohol consumption per capita (liters of pure alcohol, projected estimates, 15+ years of age)",SH.ALC.PCAP.LI,Montenegro,MNE,8
"Total alcohol consumption per capita (liters of pure alcohol, projected estimates, 15+ years of age)",SH.ALC.PCAP.LI,Morocco,MAR,0.6
"Total alcohol consumption per capita (liters of pure alcohol, projected estimates, 15+ years of age)",SH.ALC.PCAP.LI,Mozambique,MOZ,2.4
"Total alcohol consumption per capita (liters of pure alcohol, projected estimates, 15+ years of age)",SH.ALC.PCAP.LI,Myanmar,MMR,4.8
"Total alcohol consumption per capita (liters of pure alcohol, projected estimates, 15+ years of age)",SH.ALC.PCAP.LI,Namibia,NAM,9.8
"Total alcohol consumption per capita (liters of pure alcohol, projected estimates, 15+ years of age)",SH.ALC.PCAP.LI,Nauru,NRU,6
"Total alcohol consumption per capita (liters of pure alcohol, projected estimates, 15+ years of age)",SH.ALC.PCAP.LI,Nepal,NPL,2
"Total alcohol consumption per capita (liters of pure alcohol, projected estimates, 15+ years of age)",SH.ALC.PCAP.LI,Netherlands,NLD,8.7
"Total alcohol consumption per capita (liters of pure alcohol, projected estimates, 15+ years of age)",SH.ALC.PCAP.LI,New Caledonia,NCL,..
"Total alcohol consumption per capita (liters of pure alcohol, projected estimates, 15+ years of age)",SH.ALC.PCAP.LI,New Zealand,NZL,10.7
"Total alcohol consumption per capita (liters of pure alcohol, projected estimates, 15+ years of age)",SH.ALC.PCAP.LI,Nicaragua,NIC,5.2
"Total alcohol consumption per capita (liters of pure alcohol, projected estimates, 15+ years of age)",SH.ALC.PCAP.LI,Niger,NER,0.5
"Total alcohol consumption per capita (liters of pure alcohol, projected estimates, 15+ years of age)",SH.ALC.PCAP.LI,Nigeria,NGA,13.4
"Total alcohol consumption per capita (liters of pure alcohol, projected estimates, 15+ years of age)",SH.ALC.PCAP.LI,North America,NAC,9.7063915294426
"Total alcohol consumption per capita (liters of pure alcohol, projected estimates, 15+ years of age)",SH.ALC.PCAP.LI,North Macedonia,MKD,8.1
"Total alcohol consumption per capita (liters of pure alcohol, projected estimates, 15+ years of age)",SH.ALC.PCAP.LI,Northern Mariana Islands,MNP,..
"Total alcohol consumption per capita (liters of pure alcohol, projected estimates, 15+ years of age)",SH.ALC.PCAP.LI,Norway,NOR,7.5
"Total alcohol consumption per capita (liters of pure alcohol, projected estimates, 15+ years of age)",SH.ALC.PCAP.LI,Not classified,INX,..
"Total alcohol consumption per capita (liters of pure alcohol, projected estimates, 15+ years of age)",SH.ALC.PCAP.LI,OECD members,OED,9.42619340231203
"Total alcohol consumption per capita (liters of pure alcohol, projected estimates, 15+ years of age)",SH.ALC.PCAP.LI,Oman,OMN,0.8
"Total alcohol consumption per capita (liters of pure alcohol, projected estimates, 15+ years of age)",SH.ALC.PCAP.LI,Other small states,OSS,6.01374891992505
"Total alcohol consumption per capita (liters of pure alcohol, projected estimates, 15+ years of age)",SH.ALC.PCAP.LI,Pacific island small states,PSS,2.11383589599809
"Total alcohol consumption per capita (liters of pure alcohol, projected estimates, 15+ years of age)",SH.ALC.PCAP.LI,Pakistan,PAK,0.3
"Total alcohol consumption per capita (liters of pure alcohol, projected estimates, 15+ years of age)",SH.ALC.PCAP.LI,Palau,PLW,..
"Total alcohol consumption per capita (liters of pure alcohol, projected estimates, 15+ years of age)",SH.ALC.PCAP.LI,Panama,PAN,7.9
"Total alcohol consumption per capita (liters of pure alcohol, projected estimates, 15+ years of age)",SH.ALC.PCAP.LI,Papua New Guinea,PNG,1.2
"Total alcohol consumption per capita (liters of pure alcohol, projected estimates, 15+ years of age)",SH.ALC.PCAP.LI,Paraguay,PRY,7.2
"Total alcohol consumption per capita (liters of pure alcohol, projected estimates, 15+ years of age)",SH.ALC.PCAP.LI,Peru,PER,6.3
"Total alcohol consumption per capita (liters of pure alcohol, projected estimates, 15+ years of age)",SH.ALC.PCAP.LI,Philippines,PHL,6.6
"Total alcohol consumption per capita (liters of pure alcohol, projected estimates, 15+ years of age)",SH.ALC.PCAP.LI,Poland,POL,11.6
"Total alcohol consumption per capita (liters of pure alcohol, projected estimates, 15+ years of age)",SH.ALC.PCAP.LI,Portugal,PRT,12.3
"Total alcohol consumption per capita (liters of pure alcohol, projected estimates, 15+ years of age)",SH.ALC.PCAP.LI,Post-demographic dividend,PST,10.0413086862836
"Total alcohol consumption per capita (liters of pure alcohol, projected estimates, 15+ years of age)",SH.ALC.PCAP.LI,Pre-demographic dividend,PRE,5.99514925776025
"Total alcohol consumption per capita (liters of pure alcohol, projected estimates, 15+ years of age)",SH.ALC.PCAP.LI,Puerto Rico,PRI,..
"Total alcohol consumption per capita (liters of pure alcohol, projected estimates, 15+ years of age)",SH.ALC.PCAP.LI,Qatar,QAT,2
"Total alcohol consumption per capita (liters of pure alcohol, projected estimates, 15+ years of age)",SH.ALC.PCAP.LI,Romania,ROU,12.7
"Total alcohol consumption per capita (liters of pure alcohol, projected estimates, 15+ years of age)",SH.ALC.PCAP.LI,Russian Federation,RUS,11.7
"Total alcohol consumption per capita (liters of pure alcohol, projected estimates, 15+ years of age)",SH.ALC.PCAP.LI,Rwanda,RWA,9
"Total alcohol consumption per capita (liters of pure alcohol, projected estimates, 15+ years of age)",SH.ALC.PCAP.LI,Samoa,WSM,2.5
"Total alcohol consumption per capita (liters of pure alcohol, projected estimates, 15+ years of age)",SH.ALC.PCAP.LI,San Marino,SMR,..
"Total alcohol consumption per capita (liters of pure alcohol, projected estimates, 15+ years of age)",SH.ALC.PCAP.LI,Sao Tome and Principe,STP,6.8
"Total alcohol consumption per capita (liters of pure alcohol, projected estimates, 15+ years of age)",SH.ALC.PCAP.LI,Saudi Arabia,SAU,0.2
"Total alcohol consumption per capita (liters of pure alcohol, projected estimates, 15+ years of age)",SH.ALC.PCAP.LI,Senegal,SEN,0.7
"Total alcohol consumption per capita (liters of pure alcohol, projected estimates, 15+ years of age)",SH.ALC.PCAP.LI,Serbia,SRB,11.1
"Total alcohol consumption per capita (liters of pure alcohol, projected estimates, 15+ years of age)",SH.ALC.PCAP.LI,Seychelles,SYC,12
"Total alcohol consumption per capita (liters of pure alcohol, projected estimates, 15+ years of age)",SH.ALC.PCAP.LI,Sierra Leone,SLE,5.7
"Total alcohol consumption per capita (liters of pure alcohol, projected estimates, 15+ years of age)",SH.ALC.PCAP.LI,Singapore,SGP,2
"Total alcohol consumption per capita (liters of pure alcohol, projected estimates, 15+ years of age)",SH.ALC.PCAP.LI,Sint Maarten (Dutch part),SXM,..
"Total alcohol consumption per capita (liters of pure alcohol, projected estimates, 15+ years of age)",SH.ALC.PCAP.LI,Slovak Republic,SVK,11.5
"Total alcohol consumption per capita (liters of pure alcohol, projected estimates, 15+ years of age)",SH.ALC.PCAP.LI,Slovenia,SVN,12.6
"Total alcohol consumption per capita (liters of pure alcohol, projected estimates, 15+ years of age)",SH.ALC.PCAP.LI,Small states,SST,5.80585261384673
"Total alcohol consumption per capita (liters of pure alcohol, projected estimates, 15+ years of age)",SH.ALC.PCAP.LI,Solomon Islands,SLB,1.4
"Total alcohol consumption per capita (liters of pure alcohol, projected estimates, 15+ years of age)",SH.ALC.PCAP.LI,Somalia,SOM,0
"Total alcohol consumption per capita (liters of pure alcohol, projected estimates, 15+ years of age)",SH.ALC.PCAP.LI,South Africa,ZAF,9.3
"Total alcohol consumption per capita (liters of pure alcohol, projected estimates, 15+ years of age)",SH.ALC.PCAP.LI,South Asia,SAS,4.46181759171354
"Total alcohol consumption per capita (liters of pure alcohol, projected estimates, 15+ years of age)",SH.ALC.PCAP.LI,South Asia (IDA & IBRD),TSA,4.46181759171354
"Total alcohol consumption per capita (liters of pure alcohol, projected estimates, 15+ years of age)",SH.ALC.PCAP.LI,South Sudan,SSD,..
"Total alcohol consumption per capita (liters of pure alcohol, projected estimates, 15+ years of age)",SH.ALC.PCAP.LI,Spain,ESP,10
"Total alcohol consumption per capita (liters of pure alcohol, projected estimates, 15+ years of age)",SH.ALC.PCAP.LI,Sri Lanka,LKA,4.3
"Total alcohol consumption per capita (liters of pure alcohol, projected estimates, 15+ years of age)",SH.ALC.PCAP.LI,St. Kitts and Nevis,KNA,9.4
"Total alcohol consumption per capita (liters of pure alcohol, projected estimates, 15+ years of age)",SH.ALC.PCAP.LI,St. Lucia,LCA,9.9
"Total alcohol consumption per capita (liters of pure alcohol, projected estimates, 15+ years of age)",SH.ALC.PCAP.LI,St. Martin (French part),MAF,..
"Total alcohol consumption per capita (liters of pure alcohol, projected estimates, 15+ years of age)",SH.ALC.PCAP.LI,St. Vincent and the Grenadines,VCT,8.2
"Total alcohol consumption per capita (liters of pure alcohol, projected estimates, 15+ years of age)",SH.ALC.PCAP.LI,Sub-Saharan Africa,SSF,6.26379592475504
"Total alcohol consumption per capita (liters of pure alcohol, projected estimates, 15+ years of age)",SH.ALC.PCAP.LI,Sub-Saharan Africa (excluding high income),SSA,6.26307398337997
"Total alcohol consumption per capita (liters of pure alcohol, projected estimates, 15+ years of age)",SH.ALC.PCAP.LI,Sub-Saharan Africa (IDA & IBRD countries),TSS,6.26379592475504
"Total alcohol consumption per capita (liters of pure alcohol, projected estimates, 15+ years of age)",SH.ALC.PCAP.LI,Sudan,SDN,0.5
"Total alcohol consumption per capita (liters of pure alcohol, projected estimates, 15+ years of age)",SH.ALC.PCAP.LI,Suriname,SUR,5.1
"Total alcohol consumption per capita (liters of pure alcohol, projected estimates, 15+ years of age)",SH.ALC.PCAP.LI,Sweden,SWE,9.2
"Total alcohol consumption per capita (liters of pure alcohol, projected estimates, 15+ years of age)",SH.ALC.PCAP.LI,Switzerland,CHE,11.5
"Total alcohol consumption per capita (liters of pure alcohol, projected estimates, 15+ years of age)",SH.ALC.PCAP.LI,Syrian Arab Republic,SYR,0.3
"Total alcohol consumption per capita (liters of pure alcohol, projected estimates, 15+ years of age)",SH.ALC.PCAP.LI,Tajikistan,TJK,3.3
"Total alcohol consumption per capita (liters of pure alcohol, projected estimates, 15+ years of age)",SH.ALC.PCAP.LI,Tanzania,TZA,9.4
"Total alcohol consumption per capita (liters of pure alcohol, projected estimates, 15+ years of age)",SH.ALC.PCAP.LI,Thailand,THA,8.3
"Total alcohol consumption per capita (liters of pure alcohol, projected estimates, 15+ years of age)",SH.ALC.PCAP.LI,Timor-Leste,TLS,2.1
"Total alcohol consumption per capita (liters of pure alcohol, projected estimates, 15+ years of age)",SH.ALC.PCAP.LI,Togo,TGO,3.1
"Total alcohol consumption per capita (liters of pure alcohol, projected estimates, 15+ years of age)",SH.ALC.PCAP.LI,Tonga,TON,1.5
"Total alcohol consumption per capita (liters of pure alcohol, projected estimates, 15+ years of age)",SH.ALC.PCAP.LI,Trinidad and Tobago,TTO,8.4
"Total alcohol consumption per capita (liters of pure alcohol, projected estimates, 15+ years of age)",SH.ALC.PCAP.LI,Tunisia,TUN,1.9
"Total alcohol consumption per capita (liters of pure alcohol, projected estimates, 15+ years of age)",SH.ALC.PCAP.LI,Turkey,TUR,2
"Total alcohol consumption per capita (liters of pure alcohol, projected estimates, 15+ years of age)",SH.ALC.PCAP.LI,Turkmenistan,TKM,5.4
"Total alcohol consumption per capita (liters of pure alcohol, projected estimates, 15+ years of age)",SH.ALC.PCAP.LI,Turks and Caicos Islands,TCA,..
"Total alcohol consumption per capita (liters of pure alcohol, projected estimates, 15+ years of age)",SH.ALC.PCAP.LI,Tuvalu,TUV,1.7
"Total alcohol consumption per capita (liters of pure alcohol, projected estimates, 15+ years of age)",SH.ALC.PCAP.LI,Uganda,UGA,9.5
"Total alcohol consumption per capita (liters of pure alcohol, projected estimates, 15+ years of age)",SH.ALC.PCAP.LI,Ukraine,UKR,8.6
"Total alcohol consumption per capita (liters of pure alcohol, projected estimates, 15+ years of age)",SH.ALC.PCAP.LI,United Arab Emirates,ARE,3.8
"Total alcohol consumption per capita (liters of pure alcohol, projected estimates, 15+ years of age)",SH.ALC.PCAP.LI,United Kingdom,GBR,11.5
"Total alcohol consumption per capita (liters of pure alcohol, projected estimates, 15+ years of age)",SH.ALC.PCAP.LI,United States,USA,9.8
"Total alcohol consumption per capita (liters of pure alcohol, projected estimates, 15+ years of age)",SH.ALC.PCAP.LI,Upper middle income,UMC,6.91679398509816
"Total alcohol consumption per capita (liters of pure alcohol, projected estimates, 15+ years of age)",SH.ALC.PCAP.LI,Uruguay,URY,10.8
"Total alcohol consumption per capita (liters of pure alcohol, projected estimates, 15+ years of age)",SH.ALC.PCAP.LI,Uzbekistan,UZB,2.7
"Total alcohol consumption per capita (liters of pure alcohol, projected estimates, 15+ years of age)",SH.ALC.PCAP.LI,Vanuatu,VUT,1
"Total alcohol consumption per capita (liters of pure alcohol, projected estimates, 15+ years of age)",SH.ALC.PCAP.LI,"Venezuela, RB",VEN,5.6
"Total alcohol consumption per capita (liters of pure alcohol, projected estimates, 15+ years of age)",SH.ALC.PCAP.LI,Vietnam,VNM,8.4
"Total alcohol consumption per capita (liters of pure alcohol, projected estimates, 15+ years of age)",SH.ALC.PCAP.LI,Virgin Islands (U.S.),VIR,..
"Total alcohol consumption per capita (liters of pure alcohol, projected estimates, 15+ years of age)",SH.ALC.PCAP.LI,West Bank and Gaza,PSE,..
"Total alcohol consumption per capita (liters of pure alcohol, projected estimates, 15+ years of age)",SH.ALC.PCAP.LI,World,WLD,6.37966176957522
"Total alcohol consumption per capita (liters of pure alcohol, projected estimates, 15+ years of age)",SH.ALC.PCAP.LI,"Yemen, Rep.",YEM,0.1
"Total alcohol consumption per capita (liters of pure alcohol, projected estimates, 15+ years of age)",SH.ALC.PCAP.LI,Zambia,ZMB,4.8
"Total alcohol consumption per capita (liters of pure alcohol, projected estimates, 15+ years of age)",SH.ALC.PCAP.LI,Zimbabwe,ZWE,4.8
,,,,
,,,,
,,,,
Data from database: Health Nutrition and Population Statistics,,,,
Last Updated: 03/23/2020,,,,
